{
  "prepare_queue": {
    "installed": [],
    "uninstalled": []
  },
  "config_munge": {
    "files": {
      "res/xml/config.xml": {
        "parents": {
          "/*": [
            {
              "xml": "<feature name=\"Whitelist\"><param name=\"android-package\" value=\"org.apache.cordova.whitelist.WhitelistPlugin\" /><param name=\"onload\" value=\"true\" /></feature>",
              "count": 1
            },
            {
              "xml": "<feature name=\"SplashScreen\"><param name=\"android-package\" value=\"org.apache.cordova.splashscreen.SplashScreen\" /><param name=\"onload\" value=\"true\" /></feature>",
              "count": 1
            },
            {
              "xml": "<feature name=\"NetworkStatus\"><param name=\"android-package\" value=\"org.apache.cordova.networkinformation.NetworkManager\" /></feature>",
              "count": 1
            },
            {
              "xml": "<preference name=\"webView\" value=\"org.crosswalk.engine.XWalkWebViewEngine\" />",
              "count": 1
            },
            {
              "xml": "<preference name=\"xwalkVersion\" value=\"23+\" />",
              "count": 1
            },
            {
              "xml": "<preference name=\"xwalkLiteVersion\" value=\"xwalk_core_library_canary:17+\" />",
              "count": 1
            },
            {
              "xml": "<preference name=\"xwalkCommandLine\" value=\"--disable-pull-to-refresh-effect\" />",
              "count": 1
            },
            {
              "xml": "<preference name=\"xwalkMode\" value=\"embedded\" />",
              "count": 1
            },
            {
              "xml": "<preference name=\"xwalkMultipleApk\" value=\"true\" />",
              "count": 1
            },
            {
              "xml": "<preference name=\"android-minSdkVersion\" value=\"16\" />",
              "count": 1
            }
          ]
        }
      },
      "AndroidManifest.xml": {
        "parents": {
          "/*": [
            {
              "xml": "<uses-permission android:name=\"android.permission.ACCESS_NETWORK_STATE\" />",
              "count": 2
            },
            {
              "xml": "<uses-permission android:name=\"android.permission.ACCESS_WIFI_STATE\" />",
              "count": 1
            }
          ]
        }
      }
    }
  },
  "installed_plugins": {
    "cordova-plugin-whitelist": {
      "PACKAGE_NAME": "com.scriptwriter.webtonative"
    },
    "cordova-plugin-splashscreen": {
      "PACKAGE_NAME": "com.scriptwriter.webtonative"
    },
    "cordova-plugin-network-information": {
      "PACKAGE_NAME": "com.scriptwriter.webtonative"
    },
    "cordova-plugin-crosswalk-webview": {
      "XWALK_VERSION": "23+",
      "XWALK_LITEVERSION": "xwalk_core_library_canary:17+",
      "XWALK_COMMANDLINE": "--disable-pull-to-refresh-effect",
      "XWALK_MODE": "embedded",
      "XWALK_MULTIPLEAPK": "true",
      "PACKAGE_NAME": "com.scriptwriter.webtonative"
    }
  },
  "dependent_plugins": {},
  "modules": [
    {
      "id": "cordova-plugin-splashscreen.SplashScreen",
      "file": "plugins/cordova-plugin-splashscreen/www/splashscreen.js",
      "pluginId": "cordova-plugin-splashscreen",
      "clobbers": [
        "navigator.splashscreen"
      ]
    },
    {
      "id": "cordova-plugin-network-information.network",
      "file": "plugins/cordova-plugin-network-information/www/network.js",
      "pluginId": "cordova-plugin-network-information",
      "clobbers": [
        "navigator.connection",
        "navigator.network.connection"
      ]
    },
    {
      "id": "cordova-plugin-network-information.Connection",
      "file": "plugins/cordova-plugin-network-information/www/Connection.js",
      "pluginId": "cordova-plugin-network-information",
      "clobbers": [
        "Connection"
      ]
    }
  ],
  "plugin_metadata": {
    "cordova-plugin-whitelist": "1.3.2",
    "cordova-plugin-splashscreen": "4.0.3",
    "cordova-plugin-network-information": "1.3.3",
    "cordova-plugin-crosswalk-webview": "2.3.0"
  }
}